{
    "id": "wwn-ko",
    "name": "wwn-ko",
    "title": "Translation: Korean [WWN]",
    "description": "WWN 시스템의 한국어화 모듈입니다.",
    "version": "0.7.3",
    "library": "false",
    "manifestPlusVersion": "1.2.0",
    "compatibility": {
        "minimum": 10,
        "verified": 11.305,
        "maximum": 12
    },
    "authors": [
        {
            "name": "Vedmin",
            "discord": "vedmin_studen"
        }
    ],
    "esmodules": [
        "scripts/babele-register.js"
    ],
    "styles": [
        "styles/style.css"
    ],
    "relationships": {
        "systems": [
            {
                "id": "wwn",
                "type": "system"
            }
        ],
        "requires": [
            {
                "id": "babele",
                "type": "module",
                "manifest": "https://gitlab.com/riccisi/foundryvtt-babele/raw/master/module/module.json"
            }
        ]
    },
    "languages": [
        {
            "lang": "ko",
            "name": "Korean",
            "path": "localization/languages/ko/ko.json"
        }
    ],
    "readme": "README.md",
    "url": "https://github.com/jbblily/FoundryVTT-dnd5e-lang-ko-KR",