{
	"label": "Magic Item Masters",
	"entries": {
		"Enchanted Elixirs": {
			"name": "Enchanted Elixirs",
			"description": ""
		},
		"Magical Armor, Great": {
			"name": "Magical Armor, Great",
			"description": ""
		},
		"Magical Armor, Major": {
			"name": "Magical Armor, Major",
			"description": ""
		},
		"Magical Armor, Minor": {
			"name": "Magical Armor, Minor",
			"description": ""
		},
		"Magical Devices": {
			"name": "Magical Devices",
			"description": ""
		},
		"Magical Weapon, Great": {
			"name": "Magical Weapon, Great",
			"description": ""
		},
		"Magical Weapon, Major": {
			"name": "Magical Weapon, Major",
			"description": ""
		},
		"Magical Weapon, Minor": {
			"name": "Magical Weapon, Minor",
			"description": ""
		}
	}
}