{
	"label": "Weapons",
	"entries": {
		"Axe, Hand": {
			"name": "Axe, Hand"
		},
		"Axe, War": {
			"name": "Axe, War"
		},
		"Blackjack": {
			"name": "Blackjack"
		},
		"Bow, Large": {
			"name": "Bow, Large"
		},
		"Bow, Small": {
			"name": "Bow, Small"
		},
		"Claw Blades": {
			"name": "Claw Blades"
		},
		"Club": {
			"name": "Club"
		},
		"Club, Great": {
			"name": "Club, Great"
		},
		"Crossbow": {
			"name": "Crossbow"
		},
		"Dagger": {
			"name": "Dagger"
		},
		"Elemental Blast": {
			"name": "Elemental Blast"
		},
		"Halberd": {
			"name": "Halberd"
		},
		"Hammer, Great": {
			"name": "Hammer, Great"
		},
		"Hammer, War": {
			"name": "Hammer, War"
		},
		"Hurlant, Great": {
			"name": "Hurlant, Great"
		},
		"Hurlant, Hand": {
			"name": "Hurlant, Hand"
		},
		"Hurlant, Long": {
			"name": "Hurlant, Long"
		},
		"Mace": {
			"name": "Mace"
		},
		"Pike": {
			"name": "Pike"
		},
		"Shield Bash, Large": {
			"name": "Shield Bash, Large"
		},
		"Shield Bash, Small": {
			"name": "Shield Bash, Small"
		},
		"Spear, Heavy": {
			"name": "Spear, Heavy"
		},
		"Spear, Light": {
			"name": "Spear, Light"
		},
		"Staff": {
			"name": "Staff"
		},
		"Stiletto": {
			"name": "Stiletto"
		},
		"Sword, Great": {
			"name": "Sword, Great"
		},
		"Sword, Long": {
			"name": "Sword, Long"
		},
		"Sword, Short": {
			"name": "Sword, Short"
		},
		"Throwing Blade": {
			"name": "Throwing Blade"
		},
		"Unarmed Attack": {
			"name": "Unarmed Attack"
		},
		"Unarmed Might": {
			"name": "Unarmed Might"
		}
	}
}