{
	"label": "GM Subtables",
	"entries": {
		"Combat-Bestial": {
			"name": "Combat-Bestial",
			"description": ""
		},
		"Combat-Deep": {
			"name": "Combat-Deep",
			"description": ""
		},
		"Combat-Happening": {
			"name": "Combat-Happening",
			"description": ""
		},
		"Combat-Problems": {
			"name": "Combat-Problems",
			"description": ""
		},
		"Combat-Twists": {
			"name": "Combat-Twists",
			"description": ""
		},
		"Combat-Urban": {
			"name": "Combat-Urban",
			"description": ""
		},
		"Combat-Wilderness": {
			"name": "Combat-Wilderness",
			"description": ""
		},
		"Encounters-Beast Activity": {
			"name": "Encounters-Beast Activity",
			"description": ""
		},
		"Encounters-Sapient Activity": {
			"name": "Encounters-Sapient Activity",
			"description": ""
		},
		"Frame-Alliance": {
			"name": "Frame-Alliance",
			"description": ""
		},
		"Frame-Arrive": {
			"name": "Frame-Arrive",
			"description": ""
		},
		"Frame-Hostility": {
			"name": "Frame-Hostility",
			"description": ""
		},
		"Frame-Inhabitants": {
			"name": "Frame-Inhabitants",
			"description": ""
		},
		"Frame-Stay": {
			"name": "Frame-Stay",
			"description": ""
		},
		"Government-Established": {
			"name": "Government-Established",
			"description": "How Established is the Current Ruler?"
		},
		"Government-Event": {
			"name": "Government-Event",
			"description": "Rercent Governmental Event"
		},
		"Government-Legitimacy": {
			"name": "Government-Legitimacy",
			"description": "Source of Legitimacy"
		},
		"Government-MultipleRulers": {
			"name": "Government-MultipleRulers",
			"description": "Multiple Rulers"
		},
		"Government-Officials": {
			"name": "Government-Officials",
			"description": "Officials Recently Causing Problems"
		},
		"Government-Problems": {
			"name": "Government-Problems",
			"description": "What Problems do their Ministers Have?"
		},
		"Government-Rulers": {
			"name": "Government-Rulers",
			"description": "Number of Rulers"
		},
		"Government-RulingClass": {
			"name": "Government-RulingClass",
			"description": "Ruling Class"
		},
		"Government-Servants": {
			"name": "Government-Servants",
			"description": "Insitutions and Agents of Control"
		},
		"Government-SingleRuler": {
			"name": "Government-SingleRuler",
			"description": "Single Rulers"
		},
		"Government-Stability": {
			"name": "Government-Stability",
			"description": "How Stable is the Government?"
		},
		"Government-Strength": {
			"name": "Government-Strength",
			"description": "A Strength of the Government"
		},
		"Government-Struggle": {
			"name": "Government-Struggle",
			"description": "Current Struggle Within the Government"
		},
		"Hex-Community": {
			"name": "Hex-Community",
			"description": ""
		},
		"Hex-Court": {
			"name": "Hex-Court",
			"description": ""
		},
		"Hex-Wilderness": {
			"name": "Hex-Wilderness",
			"description": ""
		},
		"History-Became": {
			"name": "History-Became",
			"description": "What Became of the Original Inhabitants?"
		},
		"History-Became-Reroll": {
			"name": "History-Became-Reroll",
			"description": "What Became of the Original Inhabitants?"
		},
		"History-Crises": {
			"name": "History-Crises",
			"description": "Historical Crises"
		},
		"History-Originate": {
			"name": "History-Originate",
			"description": "How Did They Originate?"
		},
		"History-Overcome-Crisis": {
			"name": "History-Overcome-Crisis",
			"description": "How Did They Overcome the Crisis?"
		},
		"History-Peak": {
			"name": "History-Peak",
			"description": "What Was Great About Its Peak?"
		},
		"History-Survivors": {
			"name": "History-Survivors",
			"description": "What Became of the Unabsorbed Survivors?"
		},
		"History-Why-Fail": {
			"name": "History-Why-Fail",
			"description": "Why Did It Fail at the Final Crisis?"
		},
		"Inhab-Ancient": {
			"name": "Inhab-Ancient",
			"description": ""
		},
		"Inhab-Arratu": {
			"name": "Inhab-Arratu",
			"description": ""
		},
		"Inhab-Deep": {
			"name": "Inhab-Deep",
			"description": ""
		},
		"Inhab-Modern": {
			"name": "Inhab-Modern",
			"description": ""
		},
		"Inhab-Wilderness": {
			"name": "Inhab-Wilderness",
			"description": ""
		},
		"MonContext-Arise": {
			"name": "MonContext-Arise",
			"description": ""
		},
		"MonContext-Contact": {
			"name": "MonContext-Contact",
			"description": ""
		},
		"MonContext-Past": {
			"name": "MonContext-Past",
			"description": ""
		},
		"MonContext-React": {
			"name": "MonContext-React",
			"description": ""
		},
		"MonContext-Scars": {
			"name": "MonContext-Scars",
			"description": ""
		},
		"MonContext-Twist": {
			"name": "MonContext-Twist",
			"description": ""
		},
		"MonShape-Animal": {
			"name": "MonShape-Animal",
			"description": "What Kind of Animal Is It Most Like?"
		},
		"MonShape-Avian": {
			"name": "MonShape-Avian",
			"description": ""
		},
		"MonShape-Body": {
			"name": "MonShape-Body",
			"description": "What Is Its Basic Body Plan?"
		},
		"MonShape-BodyParts": {
			"name": "MonShape-BodyParts",
			"description": ""
		},
		"MonShape-Dead": {
			"name": "MonShape-Dead",
			"description": "Why Isn't It Dead Yet?"
		},
		"MonShape-Exotic": {
			"name": "MonShape-Exotic",
			"description": ""
		},
		"MonShape-Hunt": {
			"name": "MonShape-Hunt",
			"description": "How Does It Usually Hunt?"
		},
		"MonShape-Insectile": {
			"name": "MonShape-Insectile",
			"description": ""
		},
		"MonShape-Mammal": {
			"name": "MonShape-Mammal",
			"description": ""
		},
		"MonShape-Piscene": {
			"name": "MonShape-Piscene",
			"description": ""
		},
		"MonShape-Reptilian": {
			"name": "MonShape-Reptilian",
			"description": ""
		},
		"Nation-Disputes": {
			"name": "Nation-Disputes",
			"description": "Disputes With a Neighboring State"
		},
		"Nation-Good": {
			"name": "Nation-Good",
			"description": "Good Things Happening Right Now"
		},
		"Nation-Problems": {
			"name": "Nation-Problems",
			"description": "Current National Problems"
		},
		"Nation-Theme-Balanced": {
			"name": "Nation-Theme-Balanced",
			"description": "Thematic Element"
		},
		"Nation-Theme-Negative": {
			"name": "Nation-Theme-Negative",
			"description": "Thematic Element - Negative Elements"
		},
		"Nation-Theme-Positive": {
			"name": "Nation-Theme-Positive",
			"description": "Thematic Element - Positive Elements"
		},
		"Nation-Ties": {
			"name": "Nation-Ties",
			"description": "Positive Ties With a Neighboring State"
		},
		"Room-Distractor": {
			"name": "Room-Distractor",
			"description": ""
		},
		"Room-Egress": {
			"name": "Room-Egress",
			"description": ""
		},
		"Room-Enigma": {
			"name": "Room-Enigma",
			"description": ""
		},
		"Room-Hazard": {
			"name": "Room-Hazard",
			"description": ""
		},
		"Room-Treasure": {
			"name": "Room-Treasure",
			"description": ""
		},
		"Ruin-Cultural": {
			"name": "Ruin-Cultural",
			"description": ""
		},
		"Ruin-Infrastructure": {
			"name": "Ruin-Infrastructure",
			"description": ""
		},
		"Ruin-Military": {
			"name": "Ruin-Military",
			"description": ""
		},
		"Ruin-Production": {
			"name": "Ruin-Production",
			"description": ""
		},
		"Ruin-Religious": {
			"name": "Ruin-Religious",
			"description": ""
		},
		"Ruin-Residential": {
			"name": "Ruin-Residential",
			"description": ""
		},
		"Society-Aesthetics": {
			"name": "Society-Aesthetics",
			"description": "Societal Aesthetics"
		},
		"Society-Organization": {
			"name": "Society-Organization",
			"description": "Major Unit of Social Identity"
		},
		"Society-Physical-Adornment": {
			"name": "Society-Physical-Adornment",
			"description": "Optional Common Forms of Adornment"
		},
		"Society-Physical-Build": {
			"name": "Society-Physical-Build",
			"description": "What's the Typical Build of the People?"
		},
		"Society-Physical-Eyes": {
			"name": "Society-Physical-Eyes",
			"description": "Eye Coloration"
		},
		"Society-Physical-HairColor": {
			"name": "Society-Physical-HairColor",
			"description": "Hair Color"
		},
		"Society-Physical-HairTexture": {
			"name": "Society-Physical-HairTexture",
			"description": "Hair Texture"
		},
		"Society-Physical-Quirk": {
			"name": "Society-Physical-Quirk",
			"description": "Optional Physical Quirks or Traits"
		},
		"Society-Physical-Skin": {
			"name": "Society-Physical-Skin",
			"description": "Typical Skin Colors in the Populace"
		},
		"Society-Values": {
			"name": "Society-Values",
			"description": "Values of the Society"
		},
		"Terrain-Antagonists": {
			"name": "Terrain-Antagonists",
			"description": "What Antagonists are Common There?"
		},
		"Terrain-Dangerous": {
			"name": "Terrain-Dangerous",
			"description": "How Dangerous is the Feature?"
		},
		"Terrain-Event": {
			"name": "Terrain-Event",
			"description": "What Kind of Event Last Happened There?"
		},
		"Terrain-Populated": {
			"name": "Terrain-Populated",
			"description": "How Populated is the Feature?"
		},
		"Terrain-Quirk": {
			"name": "Terrain-Quirk",
			"description": "Optional Quirk of the Feature"
		},
		"Terrain-Use": {
			"name": "Terrain-Use",
			"description": "What Use is the Feature?"
		}
	}
}