{
	"label": "Armor",
	"entries": {
		"Buff Coat": {
			"name": "Buff Coat"
		},
		"Cold Flesh": {
			"name": "Cold Flesh"
		},
		"Cuirass and Greaves": {
			"name": "Cuirass and Greaves"
		},
		"Grand Plate": {
			"name": "Grand Plate"
		},
		"Great Armor": {
			"name": "Great Armor"
		},
		"Impervious Defense": {
			"name": "Impervious Defense"
		},
		"Linothorax": {
			"name": "Linothorax"
		},
		"Mail Hauberk": {
			"name": "Mail Hauberk"
		},
		"Mail Shirt": {
			"name": "Mail Shirt"
		},
		"Pavis of Elements": {
			"name": "Pavis of Elements"
		},
		"Pieced Armor": {
			"name": "Pieced Armor"
		},
		"Plate Armor": {
			"name": "Plate Armor"
		},
		"Scaled Armor": {
			"name": "Scaled Armor"
		},
		"Shield, Large": {
			"name": "Shield, Large"
		},
		"Shield, Small": {
			"name": "Shield, Small"
		},
		"Unarmored Defense": {
			"name": "Unarmored Defense"
		},
		"War Robe": {
			"name": "War Robe"
		},
		"War Shirt": {
			"name": "War Shirt"
		}
	}
}