{
	"label": "Skills",
	"entries": {
		"Administer": {
			"name": "Administer"
		},
		"Biopsionics": {
			"name": "Biopsionics"
		},
		"Connect": {
			"name": "Connect"
		},
		"Convince": {
			"name": "Convince"
		},
		"Craft": {
			"name": "Craft"
		},
		"Exert": {
			"name": "Exert"
		},
		"Heal": {
			"name": "Heal"
		},
		"Know": {
			"name": "Know"
		},
		"Lead": {
			"name": "Lead"
		},
		"Magic": {
			"name": "Magic"
		},
		"Metapsionics": {
			"name": "Metapsionics"
		},
		"Notice": {
			"name": "Notice"
		},
		"Perform": {
			"name": "Perform"
		},
		"Polymath": {
			"name": "Polymath"
		},
		"Pray": {
			"name": "Pray"
		},
		"Precognition": {
			"name": "Precognition"
		},
		"Punch": {
			"name": "Punch"
		},
		"Ride": {
			"name": "Ride"
		},
		"Sail": {
			"name": "Sail"
		},
		"Shoot": {
			"name": "Shoot"
		},
		"Sneak": {
			"name": "Sneak"
		},
		"Stab": {
			"name": "Stab"
		},
		"Survive": {
			"name": "Survive"
		},
		"Telekinesis": {
			"name": "Telekinesis"
		},
		"Telepathy": {
			"name": "Telepathy"
		},
		"Teleportation": {
			"name": "Teleportation"
		},
		"Trade": {
			"name": "Trade"
		},
		"Work": {
			"name": "Work"
		}
	}
}