{
	"label": "모험 장비",
	"entries": {
		"Arrows": {
			"name": "화살, 20발",
			"description": ""
		},
		"Artisan's Equipment": {
			"name": "장인의 공구"
		},
		"Backpack": {
			"name": "배낭"
		},
		"Boots": {
			"name": "장화"
		},
		"Candle": {
			"name": "양초"
		},
		"Cart, 1-horse": {
			"name": "수레, 말 한 마리용",
			"description": ""
		},
		"Clothes, common": {
			"name": "평범한 의복"
		},
		"Clothes, fine": {
			"name": "고급 의복"
		},
		"Clothes, noble": {
			"name": "귀족 의상"
		},
		"Cooking Utensils": {
			"name": "조리 도구",
			"description": ""
		},
		"Criminal Tools": {
			"name": "범죄 도구"
		},
		"Crowbar": {
			"name": "쇠지레",
			"description": ""
		},
		"Dungeoneering Kit": {
			"name": "미궁 탐사 장비"
		},
		"Firewood, one night's fire": {
			"name": "장작, 하룻밤 분량",
			"description": ""
		},
		"Flask, metal, one pint": {
			"name": "금속 병, 1파인트",
			"description": ""
		},
		"Grappling Hook": {
			"name": "등반용 갈고리",
			"description": ""
		},
		"Hammer or small tool": {
			"name": "망치 또는 소형 수공구",
			"description": ""
		},
		"Healer's Pouch": {
			"name": "치료사용 도구 주머니",
			"description": ""
		},
		"Hurlant Bolts": {
			"name": "발사기 탄환, 20발",
			"description": ""
		},
		"Iron Spikes": {
			"name": "쇠못, 10개",
			"description": ""
		},
		"Lantern": {
			"name": "등불"
		},
		"Mirror, hand": {
			"name": "손거울"
		},
		"Noble Courtier Outfit": {
			"name": "귀족 가신용 복장"
		},
		"Oil, one pint": {
			"name": "기름 1파인트"
		},
		"Paper, sheet": {
			"name": "종이 10장"
		},
		"Performer's Implements": {
			"name": "공연자용 장비"
		},
		"Rations, 1 week": {
			"name": "일주일치 식량",
			"description": ""
		},
		"Rope, 50'": {
			"name": "50피트 밧줄'",
			"description": ""
		},
		"Shovel, pick, or similar tool": {
			"name": "삽 또는 중형 공구",
			"description": ""
		},
		"Tinder Box": {
			"name": "부싯깃 통"
		},
		"Torch": {
			"name": "횃불"
		},
		"Waterskin, 1 gallon": {
			"name": "물주머니, 1 갤런",
			"description": ""
		},
		"Wilderness Travel Gear": {
			"name": "물주머니"
		},
		"Writing Kit": {
			"name": "필기 도구",
			"description": ""
		}
	}
}