{
	"label": "GM Master Tables",
	"entries": {
		"Combat Challenge Complications": {
			"name": "Combat Challenge Complications",
			"description": "Six bandits in a Deep chamber might be a combat challenge, but it doesn’t give the GM much to work with when it comes time to make the encounter interesting. The tables on these pages offer complications and twists you can throw into the situation to enliven an otherwise banal brawl. Simply pick the tables that are most relevant to the situation and roll or select options to spice things up."
		},
		"Encounters, Beasts and Monsters": {
			"name": "Encounters, Beasts and Monsters",
			"description": ""
		},
		"Encounters, Human": {
			"name": "Encounters, Human",
			"description": ""
		},
		"Encounters, Nonhuman Sapients": {
			"name": "Encounters, Nonhuman Sapients",
			"description": ""
		},
		"Framework of Inhabitation": {
			"name": "Framework of Inhabitation",
			"description": "Some sites will have no significant inhabitants: no monsters, no skulking raiders, no wild beasts or abominable flora worth mentioning. Most, however, will have something dwelling in the place."
		},
		"Generate Monster": {
			"name": "Generate Monster",
			"description": "WARNING: This will output a great deal of text. Consider finalizing your monster using the rules on pages 288-289 to add Uncanny Powers and Abilities."
		},
		"Generate Room": {
			"name": "Generate Room",
			"description": "Generate both room contents and exits."
		},
		"Government Construction": {
			"name": "Government Construction",
			"description": ""
		},
		"Hex Point of Interest": {
			"name": "Hex Point of Interest",
			"description": "For a hexcrawl, where a “room” consists of an entire hex of terrain, a point of interest is defined a little differently. First, decide how many hexes in your map should have anything particularly interesting at all. One simple way to do so is to roll one die for every hex in your map; on a roll of 1 or 2, there’s something worth noticing there. Use 1d6 for the die if you want a densely-populated hexcrawl, or 1d8, 1d10, or even 1d12 if you want sparser results."
		},
		"Historical-Events": {
			"name": "Historical-Events",
			"description": "The events described here provide a selection of possibilities for your own history-building. When applying them to different levels of your backdrop, scale them accordingly; the Immigrants result rolled on a village scale might be a family of foreigners moving into an isolated farmstead, while applying it on a national scale might mean an entire barbarian tribe has marched in and requested citizenship."
		},
		"History Construction - Extant": {
			"name": "History Construction - Extant",
			"description": "This generates a history with a single Crisis that the populace overcame."
		},
		"History Construction - Extant - Multiple Crises": {
			"name": "History Construction - Extant - Multiple Crises",
			"description": "This generates a history with a 1-3 Crises that the populace overcame."
		},
		"History Construction - Extinct": {
			"name": "History Construction - Extinct",
			"description": "This generates a history with a single Crisis that the populace failed to overcome."
		},
		"History Construction - Extinct - Multiple Crises (Copy)": {
			"name": "History Construction - Extinct - Multiple Crises (Copy)",
			"description": "This generates a history with a 1-3 Crises, one of which they failed to overcome."
		},
		"Monster Shapes/Appearances": {
			"name": "Monster Shapes/Appearances",
			"description": ""
		},
		"Monstrous Context": {
			"name": "Monstrous Context",
			"description": ""
		},
		"Monstrous Drives": {
			"name": "Monstrous Drives",
			"description": "What makes a creature monstrous is not necessarily what it is, but what it does. Something about the creature’s behavior or wants is anathema to human interests, and its activities bring misery, suffering, and death to the people around it."
		},
		"Nation Construction": {
			"name": "Nation Construction",
			"description": "This uses the Nation Construction tables with random themes."
		},
		"Nation Construction - Balanced": {
			"name": "Nation Construction - Balanced",
			"description": "This uses the Nation Construction tables with exactly one positive theme and exactly one negative."
		},
		"Nation Construction - Negative": {
			"name": "Nation Construction - Negative",
			"description": "This uses the Nation Construction tables with only negative themes."
		},
		"Nation Construction - Positive": {
			"name": "Nation Construction - Positive",
			"description": "This uses the Nation Construction tables with only positive themes."
		},
		"Room Layout": {
			"name": "Room Layout",
			"description": ""
		},
		"Significant Terrain Details": {
			"name": "Significant Terrain Details",
			"description": ""
		},
		"Society Construction": {
			"name": "Society Construction",
			"description": "Society Construction random tables. There is a 50/50 chance of generating two societal values or three."
		},
		"Stocking Rooms": {
			"name": "Stocking Rooms",
			"description": "Stocking an exploration site’s rooms is the most demanding part of site preparation. A ruin map can be scrawled out in moments, and deciding or randomly generating a room’s purpose can take only a few minutes, but giving each such place a degree of flavor and interest is a much more challenging prospect. Fortunately, a basic system can smooth this creative work."
		},
		"Tags, Community": {
			"name": "Tags, Community",
			"description": ""
		},
		"Tags, Court": {
			"name": "Tags, Court",
			"description": ""
		},
		"Tags, Ruin": {
			"name": "Tags, Ruin",
			"description": ""
		},
		"Tags, Wilderness": {
			"name": "Tags, Wilderness",
			"description": ""
		},
		"Terrain Feature Details": {
			"name": "Terrain Feature Details",
			"description": ""
		},
		"Types of Inhabitants": {
			"name": "Types of Inhabitants",
			"description": "The types of inhabitants rolled or chosen here reflect the major figures in a site, but they shouldn’t be taken as the only creatures to inhabit the area. Some portion of a ruin or wilderness site’s inhabitants should be taken from exotic beasts, unaffiliated sentients, or other figures of happenstance. Such variety helps keep foes fresh."
		},
		"Types of Ruin Sites": {
			"name": "Types of Ruin Sites",
			"description": "The table below offers suggestions as to what kind of structure the exploration site might be. Some of the listed sites might not make sense in a particular context. While you can always just re-roll or pick something, it can sometimes be interesting to read the result metaphorically, and then put a structure in that matches the essential significance of the rolled result."
		}
	}
}