{
	"label": "Creatures of a Far Age",
	"entries": {
		"Anak Chief, Lesser": {
			"name": "Anak Chief, Lesser",
			"description": null
		},
		"Anak Courser": {
			"name": "Anak Courser"
		},
		"Anak High Priest": {
			"name": "Anak High Priest",
			"description": null
		},
		"Anak Hulk": {
			"name": "Anak Hulk",
			"description": null
		},
		"Anak King": {
			"name": "Anak King"
		},
		"Anak Warchief, Great": {
			"name": "Anak Warchief, Great"
		},
		"Anak Warlock, Great": {
			"name": "Anak Warlock, Great",
			"description": null
		},
		"Anak Warrior, Great": {
			"name": "Anak Warrior, Great",
			"description": null
		},
		"Anak Warrior, Lesser": {
			"name": "Anak Warrior, Lesser",
			"description": null
		},
		"Anak Witch, Lesser": {
			"name": "Anak Witch, Lesser",
			"description": null
		},
		"Angry Shade": {
			"name": "Angry Shade"
		},
		"Animated Skeleton": {
			"name": "Animated Skeleton"
		},
		"Apex Predator": {
			"name": "Apex Predator",
			"description": null
		},
		"Ashcrawler": {
			"name": "Ashcrawler"
		},
		"Ashcrawler Slave": {
			"name": "Ashcrawler Slave"
		},
		"Automaton, Humanlike": {
			"name": "Automaton, Humanlike"
		},
		"Automaton, Laborer": {
			"name": "Automaton, Laborer",
			"description": ""
		},
		"Automaton, Military": {
			"name": "Automaton, Military",
			"description": ""
		},
		"Automaton, Warbot": {
			"name": "Automaton, Warbot",
			"description": ""
		},
		"Barbarian Fighter": {
			"name": "Barbarian Fighter",
			"description": null
		},
		"Barbarian Warlord": {
			"name": "Barbarian Warlord"
		},
		"Betrayer Bird": {
			"name": "Betrayer Bird"
		},
		"Bull Pig": {
			"name": "Bull Pig"
		},
		"Drudge Laborer": {
			"name": "Drudge Laborer",
			"description": null
		},
		"Drudge, War": {
			"name": "Drudge, War",
			"description": null
		},
		"Dunecrawler": {
			"name": "Dunecrawler"
		},
		"Dwarven Artificer": {
			"name": "Dwarven Artificer",
			"description": null
		},
		"Dwarven King": {
			"name": "Dwarven King"
		},
		"Dwarven Laborer": {
			"name": "Dwarven Laborer",
			"description": ""
		},
		"Dwarven Lord": {
			"name": "Dwarven Lord"
		},
		"Dwarven Veteran": {
			"name": "Dwarven Veteran",
			"description": null
		},
		"Elemental Guardian (Air)": {
			"name": "Elemental Guardian (Air)"
		},
		"Elemental Guardian (Earth)": {
			"name": "Elemental Guardian (Earth)"
		},
		"Elemental Guardian (Fire)": {
			"name": "Elemental Guardian (Fire)"
		},
		"Elemental Guardian (Water)": {
			"name": "Elemental Guardian (Water)"
		},
		"Elephantine Grazer": {
			"name": "Elephantine Grazer",
			"description": ""
		},
		"Elite or Special Guard": {
			"name": "Elite or Special Guard",
			"description": null
		},
		"Elven Adventurer": {
			"name": "Elven Adventurer",
			"description": null
		},
		"Elven Arch-Memorist": {
			"name": "Elven Arch-Memorist"
		},
		"Elven Lord": {
			"name": "Elven Lord"
		},
		"Elven Sorcerer": {
			"name": "Elven Sorcerer"
		},
		"Elven Villager": {
			"name": "Elven Villager",
			"description": ""
		},
		"Evoked Servitor": {
			"name": "Evoked Servitor"
		},
		"Famous Arch-Mage": {
			"name": "Famous Arch-Mage",
			"description": null
		},
		"Fleshbeast": {
			"name": "Fleshbeast"
		},
		"Grave Knight": {
			"name": "Grave Knight"
		},
		"Great Warrior King": {
			"name": "Great Warrior King"
		},
		"Halfman Bull": {
			"name": "Halfman Bull",
			"description": ""
		},
		"Halfman Grazer": {
			"name": "Halfman Grazer",
			"description": ""
		},
		"Herd Beast": {
			"name": "Herd Beast",
			"description": ""
		},
		"Horse Lizard": {
			"name": "Horse Lizard"
		},
		"Houri Concubine": {
			"name": "Houri Concubine",
			"description": ""
		},
		"Houri Dispassionate One": {
			"name": "Houri Dispassionate One"
		},
		"Hungry Revenant": {
			"name": "Hungry Revenant"
		},
		"Jikegida Beastborn": {
			"name": "Jikegida Beastborn"
		},
		"Jikegida City Lord": {
			"name": "Jikegida City Lord"
		},
		"Jikegida Hive Leader": {
			"name": "Jikegida Hive Leader"
		},
		"Jikegida Manborn": {
			"name": "Jikegida Manborn"
		},
		"Judas Goat": {
			"name": "Judas Goat"
		},
		"Knight or Minor Hero": {
			"name": "Knight or Minor Hero",
			"description": null
		},
		"Large Solitary Predator": {
			"name": "Large Solitary Predator",
			"description": ""
		},
		"Legendary God-Titan": {
			"name": "Legendary God-Titan",
			"description": ""
		},
		"Legion Cataphract": {
			"name": "Legion Cataphract"
		},
		"Legion Hulk": {
			"name": "Legion Hulk"
		},
		"Legion Reeve": {
			"name": "Legion Reeve"
		},
		"Legion Scytheman": {
			"name": "Legion Scytheman"
		},
		"Major Hero": {
			"name": "Major Hero"
		},
		"Master Wizard": {
			"name": "Master Wizard",
			"description": null
		},
		"Mighty General": {
			"name": "Mighty General"
		},
		"Mountain Crab": {
			"name": "Mountain Crab"
		},
		"Outsider Warbeast": {
			"name": "Outsider Warbeast",
			"description": ""
		},
		"Peaceful Human": {
			"name": "Peaceful Human",
			"description": null
		},
		"Petty Mage": {
			"name": "Petty Mage",
			"description": null
		},
		"Phantasmal Eidolon": {
			"name": "Phantasmal Eidolon"
		},
		"Polop Great Devourer": {
			"name": "Polop Great Devourer"
		},
		"Polop Hellsquid": {
			"name": "Polop Hellsquid"
		},
		"Polop Hunter": {
			"name": "Polop Hunter"
		},
		"Polop Slaver": {
			"name": "Polop Slaver"
		},
		"Predator, Hellbeast": {
			"name": "Predator, Hellbeast",
			"description": ""
		},
		"Predator, Hulking": {
			"name": "Predator, Hulking",
			"description": ""
		},
		"Predator, Large Vicious": {
			"name": "Predator, Large Vicious",
			"description": ""
		},
		"Predator, Small Vicious": {
			"name": "Predator, Small Vicious",
			"description": ""
		},
		"Raised Corpse": {
			"name": "Raised Corpse"
		},
		"Ravenous Husk": {
			"name": "Ravenous Husk"
		},
		"Razorhorn": {
			"name": "Razorhorn"
		},
		"Relic Ancient Warbot": {
			"name": "Relic Ancient Warbot",
			"description": ""
		},
		"Relic Guardian, Commander": {
			"name": "Relic Guardian, Commander",
			"description": ""
		},
		"Relic Guardian, Lesser": {
			"name": "Relic Guardian, Lesser",
			"description": ""
		},
		"Relic Servitor": {
			"name": "Relic Servitor",
			"description": ""
		},
		"Revenant King": {
			"name": "Revenant King"
		},
		"Salt Devils": {
			"name": "Salt Devils"
		},
		"Sentient Carcass": {
			"name": "Sentient Carcass"
		},
		"Shambling Corpse": {
			"name": "Shambling Corpse"
		},
		"Skilled Sorcerer": {
			"name": "Skilled Sorcerer",
			"description": null
		},
		"Skilled Veteran": {
			"name": "Skilled Veteran",
			"description": null
		},
		"Slime or Ooze": {
			"name": "Slime or Ooze",
			"description": ""
		},
		"Small Pack Predator": {
			"name": "Small Pack Predator",
			"description": ""
		},
		"Thug or Militia": {
			"name": "Thug or Militia",
			"description": null
		},
		"Tribal Shaman": {
			"name": "Tribal Shaman",
			"description": null
		},
		"Tuhulot Manipulator": {
			"name": "Tuhulot Manipulator"
		},
		"Undead Mage": {
			"name": "Undead Mage"
		},
		"Unending One": {
			"name": "Unending One"
		},
		"Unnatural Swarm": {
			"name": "Unnatural Swarm",
			"description": ""
		},
		"Veteran Soldier": {
			"name": "Veteran Soldier",
			"description": null
		},
		"Vicious Large Herbivore": {
			"name": "Vicious Large Herbivore",
			"description": ""
		},
		"Wailer Crane": {
			"name": "Wailer Crane"
		},
		"Warrior Baron": {
			"name": "Warrior Baron",
			"description": null
		},
		"Wraith Lord": {
			"name": "Wraith Lord"
		}
	}
}