{
	"label": "Tags",
	"entries": {
		"#[CF_tempEntity]": {
			"name": "#[CF_tempEntity]"
		},
		"Abandoned Village": {
			"name": "Abandoned Village"
		},
		"Affliction’s Mark": {
			"name": "Affliction’s Mark"
		},
		"Ancestral Obligation": {
			"name": "Ancestral Obligation"
		},
		"Ancient Archives": {
			"name": "Ancient Archives"
		},
		"Ancient Guardians": {
			"name": "Ancient Guardians"
		},
		"Ancient Infrastructure": {
			"name": "Ancient Infrastructure"
		},
		"Ancient Monument": {
			"name": "Ancient Monument"
		},
		"Arratu Land": {
			"name": "Arratu Land"
		},
		"Aspiring Conqueror": {
			"name": "Aspiring Conqueror"
		},
		"Automaton Servants": {
			"name": "Automaton Servants"
		},
		"Awesome Legitimacy": {
			"name": "Awesome Legitimacy"
		},
		"Awkward Birth": {
			"name": "Awkward Birth"
		},
		"Bad Neighbors": {
			"name": "Bad Neighbors"
		},
		"Bandit Lair": {
			"name": "Bandit Lair"
		},
		"Beast Swarm": {
			"name": "Beast Swarm"
		},
		"Birthing Cyst": {
			"name": "Birthing Cyst"
		},
		"Bitter Remnants": {
			"name": "Bitter Remnants"
		},
		"Blandished Leadership": {
			"name": "Blandished Leadership"
		},
		"Blighted Monstrous Tribute": {
			"name": "Blighted Monstrous Tribute"
		},
		"Blighted Tribe": {
			"name": "Blighted Tribe"
		},
		"Blood Feud": {
			"name": "Blood Feud"
		},
		"Brilliant Innovation": {
			"name": "Brilliant Innovation"
		},
		"Broken Infrastructure": {
			"name": "Broken Infrastructure"
		},
		"Broken Spirits": {
			"name": "Broken Spirits"
		},
		"Cadet Branches": {
			"name": "Cadet Branches"
		},
		"Capricious Orders": {
			"name": "Capricious Orders"
		},
		"Chokepoint": {
			"name": "Chokepoint"
		},
		"Civil War": {
			"name": "Civil War"
		},
		"Collapsed Deep": {
			"name": "Collapsed Deep"
		},
		"Corrupt Laws": {
			"name": "Corrupt Laws"
		},
		"Criminal Bosses": {
			"name": "Criminal Bosses"
		},
		"Criminal Meet": {
			"name": "Criminal Meet"
		},
		"Cryptic Art": {
			"name": "Cryptic Art"
		},
		"Cultural Center": {
			"name": "Cultural Center"
		},
		"Cultural Insignia": {
			"name": "Cultural Insignia"
		},
		"Cursed Circumstances": {
			"name": "Cursed Circumstances"
		},
		"Cursed Land": {
			"name": "Cursed Land"
		},
		"Cyclical Doom": {
			"name": "Cyclical Doom"
		},
		"Daring Ambition": {
			"name": "Daring Ambition"
		},
		"Dark Secret": {
			"name": "Dark Secret"
		},
		"Decadent Court": {
			"name": "Decadent Court"
		},
		"Decadent Locals": {
			"name": "Decadent Locals"
		},
		"Decayed Working": {
			"name": "Decayed Working"
		},
		"Decaying Working": {
			"name": "Decaying Working"
		},
		"Decrepit Structure": {
			"name": "Decrepit Structure"
		},
		"Demihuman Community": {
			"name": "Demihuman Community"
		},
		"Demihuman Populace": {
			"name": "Demihuman Populace"
		},
		"Desperate Hunger": {
			"name": "Desperate Hunger"
		},
		"Devil Grove": {
			"name": "Devil Grove"
		},
		"Devil’s Bargain": {
			"name": "Devil’s Bargain"
		},
		"Diplomatic Demands": {
			"name": "Diplomatic Demands"
		},
		"Dire Tombs": {
			"name": "Dire Tombs"
		},
		"Disputed Inheritance": {
			"name": "Disputed Inheritance"
		},
		"Distant Gate": {
			"name": "Distant Gate"
		},
		"Disused Mine": {
			"name": "Disused Mine"
		},
		"Dueling Lords": {
			"name": "Dueling Lords"
		},
		"Dungeon Heart": {
			"name": "Dungeon Heart"
		},
		"Enemy Within": {
			"name": "Enemy Within"
		},
		"Excess Heirs": {
			"name": "Excess Heirs"
		},
		"Experimental Lab": {
			"name": "Experimental Lab"
		},
		"Faded Remnant": {
			"name": "Faded Remnant"
		},
		"Failed Intrusion": {
			"name": "Failed Intrusion"
		},
		"Fallen Prosperity": {
			"name": "Fallen Prosperity"
		},
		"Fallen Sanctuary": {
			"name": "Fallen Sanctuary"
		},
		"False Front": {
			"name": "False Front"
		},
		"False Prize": {
			"name": "False Prize"
		},
		"Fatal Extravagance": {
			"name": "Fatal Extravagance"
		},
		"Feral Magic": {
			"name": "Feral Magic"
		},
		"Flooded Halls": {
			"name": "Flooded Halls"
		},
		"Forbidden Romance": {
			"name": "Forbidden Romance"
		},
		"Foreign Enclave": {
			"name": "Foreign Enclave"
		},
		"Foreign Ties": {
			"name": "Foreign Ties"
		},
		"Freshly Looted": {
			"name": "Freshly Looted"
		},
		"Friendly Foes": {
			"name": "Friendly Foes"
		},
		"Gate Keeper": {
			"name": "Gate Keeper"
		},
		"Guild Oligarchy": {
			"name": "Guild Oligarchy"
		},
		"Header": {
			"name": "Header"
		},
		"Healing Terrain": {
			"name": "Healing Terrain"
		},
		"Heavy Fortification": {
			"name": "Heavy Fortification"
		},
		"Hermitage": {
			"name": "Hermitage"
		},
		"Hidden Blight": {
			"name": "Hidden Blight"
		},
		"Hidden Ruler": {
			"name": "Hidden Ruler"
		},
		"Hidden Within": {
			"name": "Hidden Within"
		},
		"Historical Survival": {
			"name": "Historical Survival"
		},
		"Hiveminded Natives": {
			"name": "Hiveminded Natives"
		},
		"Hopeless Rival": {
			"name": "Hopeless Rival"
		},
		"Hospitable Natives": {
			"name": "Hospitable Natives"
		},
		"Hostile Environment": {
			"name": "Hostile Environment"
		},
		"Hostile Terrain": {
			"name": "Hostile Terrain"
		},
		"Impure Blood": {
			"name": "Impure Blood"
		},
		"Inadequate Tools": {
			"name": "Inadequate Tools"
		},
		"Incompetent Leaders": {
			"name": "Incompetent Leaders"
		},
		"Inept Ruler": {
			"name": "Inept Ruler"
		},
		"Infectious Miasma": {
			"name": "Infectious Miasma"
		},
		"Inherited Architecture": {
			"name": "Inherited Architecture"
		},
		"Inhuman Cooperation": {
			"name": "Inhuman Cooperation"
		},
		"Invincible Delusion": {
			"name": "Invincible Delusion"
		},
		"Iron Law": {
			"name": "Iron Law"
		},
		"Isolated Academy": {
			"name": "Isolated Academy"
		},
		"Labyrinthine Tangle": {
			"name": "Labyrinthine Tangle"
		},
		"Lawless Class": {
			"name": "Lawless Class"
		},
		"Lethal Treasure": {
			"name": "Lethal Treasure"
		},
		"Limited Access": {
			"name": "Limited Access"
		},
		"Lingering Curse": {
			"name": "Lingering Curse"
		},
		"Living Dungeon": {
			"name": "Living Dungeon"
		},
		"Lost Battlefield": {
			"name": "Lost Battlefield"
		},
		"Lost City": {
			"name": "Lost City"
		},
		"Lost Colony": {
			"name": "Lost Colony"
		},
		"Lost Purpose": {
			"name": "Lost Purpose"
		},
		"Magical Academy": {
			"name": "Magical Academy"
		},
		"Magical Springs": {
			"name": "Magical Springs"
		},
		"Magical Subversion": {
			"name": "Magical Subversion"
		},
		"Magical Wonder": {
			"name": "Magical Wonder"
		},
		"Martial Tradition": {
			"name": "Martial Tradition"
		},
		"Migration Path": {
			"name": "Migration Path"
		},
		"Military Outpost": {
			"name": "Military Outpost"
		},
		"Ministerial Capture": {
			"name": "Ministerial Capture"
		},
		"Miserable Penury": {
			"name": "Miserable Penury"
		},
		"Mistreated Blighted": {
			"name": "Mistreated Blighted"
		},
		"Monster Forge": {
			"name": "Monster Forge"
		},
		"Monstrous Beast": {
			"name": "Monstrous Beast"
		},
		"Motherlode": {
			"name": "Motherlode"
		},
		"Neglectful Ruler": {
			"name": "Neglectful Ruler"
		},
		"New Generation": {
			"name": "New Generation"
		},
		"New Industry": {
			"name": "New Industry"
		},
		"New Opportunity": {
			"name": "New Opportunity"
		},
		"Nomad Camp": {
			"name": "Nomad Camp"
		},
		"Outside Debts": {
			"name": "Outside Debts"
		},
		"Outsider Domain": {
			"name": "Outsider Domain"
		},
		"Outsider Enclave": {
			"name": "Outsider Enclave"
		},
		"Overextended Grasp": {
			"name": "Overextended Grasp"
		},
		"Overgrown Tomb": {
			"name": "Overgrown Tomb"
		},
		"Perilous Path": {
			"name": "Perilous Path"
		},
		"Pilgrimage Site": {
			"name": "Pilgrimage Site"
		},
		"Plagued City": {
			"name": "Plagued City"
		},
		"Poisonous Cliques": {
			"name": "Poisonous Cliques"
		},
		"Population Boom": {
			"name": "Population Boom"
		},
		"Precious Game": {
			"name": "Precious Game"
		},
		"Precious Resource": {
			"name": "Precious Resource"
		},
		"Priestly Influence": {
			"name": "Priestly Influence"
		},
		"Proxy Speaker": {
			"name": "Proxy Speaker"
		},
		"Raider Lair": {
			"name": "Raider Lair"
		},
		"Raider Scourge": {
			"name": "Raider Scourge"
		},
		"Rampant Corruption": {
			"name": "Rampant Corruption"
		},
		"Rampant Experiment": {
			"name": "Rampant Experiment"
		},
		"Rebel Stronghold": {
			"name": "Rebel Stronghold"
		},
		"Recent Brutality": {
			"name": "Recent Brutality"
		},
		"Recruiting Drive": {
			"name": "Recruiting Drive"
		},
		"Refugee Camp": {
			"name": "Refugee Camp"
		},
		"Regency Council": {
			"name": "Regency Council"
		},
		"Religious Zealots": {
			"name": "Religious Zealots"
		},
		"Remnant Road": {
			"name": "Remnant Road"
		},
		"Remote Monastery": {
			"name": "Remote Monastery"
		},
		"Restive Lessers": {
			"name": "Restive Lessers"
		},
		"Rigid Castes": {
			"name": "Rigid Castes"
		},
		"Rigid Hierarchy": {
			"name": "Rigid Hierarchy"
		},
		"Rival Dreams": {
			"name": "Rival Dreams"
		},
		"Rival Power": {
			"name": "Rival Power"
		},
		"Royal Refuge": {
			"name": "Royal Refuge"
		},
		"Ruined Fortification": {
			"name": "Ruined Fortification"
		},
		"Ruling Regalia": {
			"name": "Ruling Regalia"
		},
		"Runaway Rule": {
			"name": "Runaway Rule"
		},
		"Sacrificial Bargain": {
			"name": "Sacrificial Bargain"
		},
		"Savage Hamlet": {
			"name": "Savage Hamlet"
		},
		"Scars of War": {
			"name": "Scars of War"
		},
		"Sculpted Terrain": {
			"name": "Sculpted Terrain"
		},
		"Sealed Evil": {
			"name": "Sealed Evil"
		},
		"Seat of Rule": {
			"name": "Seat of Rule"
		},
		"Secret Alliance": {
			"name": "Secret Alliance"
		},
		"Secret Treachery": {
			"name": "Secret Treachery"
		},
		"Seductive Peril": {
			"name": "Seductive Peril"
		},
		"Shifting Interior": {
			"name": "Shifting Interior"
		},
		"Shining Successor": {
			"name": "Shining Successor"
		},
		"Sinking City": {
			"name": "Sinking City"
		},
		"Spatial Flux": {
			"name": "Spatial Flux"
		},
		"Splendid Seat": {
			"name": "Splendid Seat"
		},
		"Sublime Skill": {
			"name": "Sublime Skill"
		},
		"Sudden Strength": {
			"name": "Sudden Strength"
		},
		"Surfacer Hideout": {
			"name": "Surfacer Hideout"
		},
		"Taboo Place": {
			"name": "Taboo Place"
		},
		"Taboo Territory": {
			"name": "Taboo Territory"
		},
		"Theocratic Authorities": {
			"name": "Theocratic Authorities"
		},
		"Things Below": {
			"name": "Things Below"
		},
		"Threatened Violence": {
			"name": "Threatened Violence"
		},
		"Toxic Economy": {
			"name": "Toxic Economy"
		},
		"Toxic Ruins": {
			"name": "Toxic Ruins"
		},
		"Trade Hub": {
			"name": "Trade Hub"
		},
		"Treacherous Terrain": {
			"name": "Treacherous Terrain"
		},
		"Twisted Fauna": {
			"name": "Twisted Fauna"
		},
		"Uncanny Weather": {
			"name": "Uncanny Weather"
		},
		"Unique Product": {
			"name": "Unique Product"
		},
		"Upstart Faith": {
			"name": "Upstart Faith"
		},
		"Useless Treasure": {
			"name": "Useless Treasure"
		},
		"Waning Wealth": {
			"name": "Waning Wealth"
		},
		"Warring Council": {
			"name": "Warring Council"
		},
		"Widespread Prosperity": {
			"name": "Widespread Prosperity"
		},
		"Wizard’s Lair": {
			"name": "Wizard’s Lair"
		},
		"Working Wreckage": {
			"name": "Working Wreckage"
		},
		"Xenophobic Locals": {
			"name": "Xenophobic Locals"
		},
		"Zealot Colony": {
			"name": "Zealot Colony"
		}
	}
}