{
	"label": "Magic Items",
	"entries": {
		"Anchoring Draught": {
			"name": "Anchoring Draught"
		},
		"Axe, Hand +1": {
			"name": "Axe, Hand +1"
		},
		"Axe, Hand +2": {
			"name": "Axe, Hand +2"
		},
		"Axe, Hand +3": {
			"name": "Axe, Hand +3"
		},
		"Axe, War +1": {
			"name": "Axe, War +1"
		},
		"Axe, War +2": {
			"name": "Axe, War +2"
		},
		"Axe, War +3": {
			"name": "Axe, War +3"
		},
		"Bestial Form": {
			"name": "Bestial Form"
		},
		"Blackjack +1": {
			"name": "Blackjack +1"
		},
		"Blackjack +2": {
			"name": "Blackjack +2"
		},
		"Blackjack +3": {
			"name": "Blackjack +3"
		},
		"Blood of Boiling Rage": {
			"name": "Blood of Boiling Rage"
		},
		"Bodily Innervation": {
			"name": "Bodily Innervation"
		},
		"Borrowed Flesh": {
			"name": "Borrowed Flesh"
		},
		"Bow, Large +1": {
			"name": "Bow, Large +1"
		},
		"Bow, Large +2": {
			"name": "Bow, Large +2"
		},
		"Bow, Large +3": {
			"name": "Bow, Large +3"
		},
		"Bow, Small +1": {
			"name": "Bow, Small +1"
		},
		"Bow, Small +2": {
			"name": "Bow, Small +2"
		},
		"Bow, Small +3": {
			"name": "Bow, Small +3"
		},
		"Buff Coat +1": {
			"name": "Buff Coat +1"
		},
		"Buff Coat +2": {
			"name": "Buff Coat +2"
		},
		"Buff Coat +3": {
			"name": "Buff Coat +3"
		},
		"Censer of Solid Dreams": {
			"name": "Censer of Solid Dreams"
		},
		"Claw Blades +1": {
			"name": "Claw Blades +1"
		},
		"Claw Blades +2": {
			"name": "Claw Blades +2"
		},
		"Claw Blades +3": {
			"name": "Claw Blades +3"
		},
		"Club +1": {
			"name": "Club +1"
		},
		"Club +2": {
			"name": "Club +2"
		},
		"Club +3": {
			"name": "Club +3"
		},
		"Club, Great +1": {
			"name": "Club, Great +1"
		},
		"Club, Great +2": {
			"name": "Club, Great +2"
		},
		"Club, Great +3": {
			"name": "Club, Great +3"
		},
		"Cold Courage": {
			"name": "Cold Courage"
		},
		"Congealed Paradox": {
			"name": "Congealed Paradox"
		},
		"Congealed Winter": {
			"name": "Congealed Winter"
		},
		"Crossbow +1": {
			"name": "Crossbow +1"
		},
		"Crossbow +2": {
			"name": "Crossbow +2"
		},
		"Crossbow +3": {
			"name": "Crossbow +3"
		},
		"Cuirass and Greaves +1": {
			"name": "Cuirass and Greaves +1"
		},
		"Cuirass and Greaves +2": {
			"name": "Cuirass and Greaves +2"
		},
		"Cuirass and Greaves +3": {
			"name": "Cuirass and Greaves +3"
		},
		"Dagger +1": {
			"name": "Dagger +1"
		},
		"Dagger +2": {
			"name": "Dagger +2"
		},
		"Dagger +3": {
			"name": "Dagger +3"
		},
		"Deep Sight": {
			"name": "Deep Sight"
		},
		"Energetic Impermeability": {
			"name": "Energetic Impermeability"
		},
		"Enough Rope": {
			"name": "Enough Rope"
		},
		"Eye of Discerning Humanity": {
			"name": "Eye of Discerning Humanity"
		},
		"Flask of Devils": {
			"name": "Flask of Devils"
		},
		"Ghost Horse": {
			"name": "Ghost Horse"
		},
		"Great Armor +1": {
			"name": "Great Armor +1"
		},
		"Great Armor +2": {
			"name": "Great Armor +2"
		},
		"Great Armor +3": {
			"name": "Great Armor +3"
		},
		"Guncloud": {
			"name": "Guncloud"
		},
		"Halberd +1": {
			"name": "Halberd +1"
		},
		"Halberd +2": {
			"name": "Halberd +2"
		},
		"Halberd +3": {
			"name": "Halberd +3"
		},
		"Hammer, Great +1": {
			"name": "Hammer, Great +1"
		},
		"Hammer, Great +2": {
			"name": "Hammer, Great +2"
		},
		"Hammer, Great +3": {
			"name": "Hammer, Great +3"
		},
		"Hammer, War +1": {
			"name": "Hammer, War +1"
		},
		"Hammer, War +2": {
			"name": "Hammer, War +2"
		},
		"Hammer, War +3": {
			"name": "Hammer, War +3"
		},
		"Hurlant, Great +1": {
			"name": "Hurlant, Great +1"
		},
		"Hurlant, Great +2": {
			"name": "Hurlant, Great +2"
		},
		"Hurlant, Great +3": {
			"name": "Hurlant, Great +3"
		},
		"Hurlant, Hand +1": {
			"name": "Hurlant, Hand +1"
		},
		"Hurlant, Hand +2": {
			"name": "Hurlant, Hand +2"
		},
		"Hurlant, Hand +3": {
			"name": "Hurlant, Hand +3"
		},
		"Hurlant, Long +1": {
			"name": "Hurlant, Long +1"
		},
		"Hurlant, Long +2": {
			"name": "Hurlant, Long +2"
		},
		"Hurlant, Long +3": {
			"name": "Hurlant, Long +3"
		},
		"Immanent Beacon Shard": {
			"name": "Immanent Beacon Shard"
		},
		"Implacable Fist": {
			"name": "Implacable Fist"
		},
		"Inverted Entropy": {
			"name": "Inverted Entropy"
		},
		"Jewel Beyond Price": {
			"name": "Jewel Beyond Price"
		},
		"Key of the Former House": {
			"name": "Key of the Former House"
		},
		"Lens of the Polychrome Lord": {
			"name": "Lens of the Polychrome Lord"
		},
		"Lex Talionis": {
			"name": "Lex Talionis"
		},
		"Linothorax +1": {
			"name": "Linothorax +1"
		},
		"Linothorax +2": {
			"name": "Linothorax +2"
		},
		"Linothorax +3": {
			"name": "Linothorax +3"
		},
		"Logos": {
			"name": "Logos"
		},
		"Lyre of Longing": {
			"name": "Lyre of Longing"
		},
		"Mace +1": {
			"name": "Mace +1"
		},
		"Mace +2": {
			"name": "Mace +2"
		},
		"Mace +3": {
			"name": "Mace +3"
		},
		"Magic Shield, Large": {
			"name": "Magic Shield, Large"
		},
		"Magic Shield, Small": {
			"name": "Magic Shield, Small"
		},
		"Mail Hauberk +1": {
			"name": "Mail Hauberk +1"
		},
		"Mail Hauberk +2": {
			"name": "Mail Hauberk +2"
		},
		"Mail Hauberk +3": {
			"name": "Mail Hauberk +3"
		},
		"Mail Shirt +1": {
			"name": "Mail Shirt +1"
		},
		"Mail Shirt +2": {
			"name": "Mail Shirt +2"
		},
		"Mail Shirt +3": {
			"name": "Mail Shirt +3"
		},
		"Memorious Fragrance": {
			"name": "Memorious Fragrance"
		},
		"Murderous Anointing": {
			"name": "Murderous Anointing"
		},
		"Nectar of Immortality": {
			"name": "Nectar of Immortality"
		},
		"Nepenthe": {
			"name": "Nepenthe"
		},
		"Omened Visions": {
			"name": "Omened Visions"
		},
		"Persistent Luminescence": {
			"name": "Persistent Luminescence"
		},
		"Pieced Armor +1": {
			"name": "Pieced Armor +1"
		},
		"Pieced Armor +2": {
			"name": "Pieced Armor +2"
		},
		"Pieced Armor +3": {
			"name": "Pieced Armor +3"
		},
		"Pike +1": {
			"name": "Pike +1"
		},
		"Pike +2": {
			"name": "Pike +2"
		},
		"Pike +3": {
			"name": "Pike +3"
		},
		"Plasmic Molding": {
			"name": "Plasmic Molding"
		},
		"Plate Armor +1": {
			"name": "Plate Armor +1"
		},
		"Plate Armor +2": {
			"name": "Plate Armor +2"
		},
		"Plate Armor +3": {
			"name": "Plate Armor +3"
		},
		"Purification Salt": {
			"name": "Purification Salt"
		},
		"Quintessence of the Hour": {
			"name": "Quintessence of the Hour"
		},
		"Rain-Beckoning Drum": {
			"name": "Rain-Beckoning Drum"
		},
		"Ring of Sea Princes": {
			"name": "Ring of Sea Princes"
		},
		"Rod of Repudiation": {
			"name": "Rod of Repudiation"
		},
		"Sacrificial Strength": {
			"name": "Sacrificial Strength"
		},
		"Sanctified Healing": {
			"name": "Sanctified Healing"
		},
		"Scalding Breath": {
			"name": "Scalding Breath"
		},
		"Scaled Armor +1": {
			"name": "Scaled Armor +1"
		},
		"Scaled Armor +2": {
			"name": "Scaled Armor +2"
		},
		"Scaled Armor +3": {
			"name": "Scaled Armor +3"
		},
		"Seed of Flesh": {
			"name": "Seed of Flesh"
		},
		"Soul Sight": {
			"name": "Soul Sight"
		},
		"Spear, Heavy +1": {
			"name": "Spear, Heavy +1"
		},
		"Spear, Heavy +2": {
			"name": "Spear, Heavy +2"
		},
		"Spear, Heavy +3": {
			"name": "Spear, Heavy +3"
		},
		"Spear, Light +1": {
			"name": "Spear, Light +1"
		},
		"Spear, Light +2": {
			"name": "Spear, Light +2"
		},
		"Spear, Light +3": {
			"name": "Spear, Light +3"
		},
		"Staff +1": {
			"name": "Staff +1"
		},
		"Staff +2": {
			"name": "Staff +2"
		},
		"Staff +3": {
			"name": "Staff +3"
		},
		"Staff of the Old Lords": {
			"name": "Staff of the Old Lords"
		},
		"Stiletto +1": {
			"name": "Stiletto +1"
		},
		"Stiletto +2": {
			"name": "Stiletto +2"
		},
		"Stiletto +3": {
			"name": "Stiletto +3"
		},
		"Stonepeg": {
			"name": "Stonepeg"
		},
		"Stutterhatchet": {
			"name": "Stutterhatchet"
		},
		"Sword, Great +1": {
			"name": "Sword, Great +1"
		},
		"Sword, Great +2": {
			"name": "Sword, Great +2"
		},
		"Sword, Great +3": {
			"name": "Sword, Great +3"
		},
		"Sword, Long +1": {
			"name": "Sword, Long +1"
		},
		"Sword, Long +2": {
			"name": "Sword, Long +2"
		},
		"Sword, Long +3": {
			"name": "Sword, Long +3"
		},
		"Sword, Short +1": {
			"name": "Sword, Short +1"
		},
		"Sword, Short +2": {
			"name": "Sword, Short +2"
		},
		"Sword, Short +3": {
			"name": "Sword, Short +3"
		},
		"Thaumic Vitality": {
			"name": "Thaumic Vitality"
		},
		"The Great and the Small": {
			"name": "The Great and the Small"
		},
		"Throwing Blade +1": {
			"name": "Throwing Blade +1"
		},
		"Throwing Blade +2": {
			"name": "Throwing Blade +2"
		},
		"Throwing Blade +3": {
			"name": "Throwing Blade +3"
		},
		"Truthspeaking": {
			"name": "Truthspeaking"
		},
		"Vessel of Hours": {
			"name": "Vessel of Hours"
		},
		"Vigilant Banner": {
			"name": "Vigilant Banner"
		},
		"Vothite Icon": {
			"name": "Vothite Icon"
		},
		"War Robe +1": {
			"name": "War Robe +1"
		},
		"War Robe +2": {
			"name": "War Robe +2"
		},
		"War Robe +3": {
			"name": "War Robe +3"
		},
		"War Shirt +1": {
			"name": "War Shirt +1"
		},
		"War Shirt +2": {
			"name": "War Shirt +2"
		},
		"War Shirt +3": {
			"name": "War Shirt +3"
		},
		"Wrathful Detonation": {
			"name": "Wrathful Detonation"
		}
	}
}