{
	"label": "Assets",
	"entries": {
		"Ancient Mechanisms": {
			"name": "Ancient Mechanisms"
		},
		"Ancient Workshop": {
			"name": "Ancient Workshop"
		},
		"Apocalypse Engine": {
			"name": "Apocalypse Engine"
		},
		"Arcane Laboratory": {
			"name": "Arcane Laboratory"
		},
		"Armed Guards": {
			"name": "Armed Guards"
		},
		"Bewitching Charmer": {
			"name": "Bewitching Charmer"
		},
		"Blackmail": {
			"name": "Blackmail"
		},
		"Brilliant General": {
			"name": "Brilliant General"
		},
		"Caravan": {
			"name": "Caravan"
		},
		"Cavalry": {
			"name": "Cavalry"
		},
		"Cooperative Businesses": {
			"name": "Cooperative Businesses"
		},
		"Court Patronage": {
			"name": "Court Patronage"
		},
		"Covert Transport": {
			"name": "Covert Transport"
		},
		"Cryptomancers": {
			"name": "Cryptomancers"
		},
		"Dancing Girls": {
			"name": "Dancing Girls"
		},
		"Demonic Slayer": {
			"name": "Demonic Slayer"
		},
		"Dragomans": {
			"name": "Dragomans"
		},
		"Economic Disruption": {
			"name": "Economic Disruption"
		},
		"Enchanted Elites": {
			"name": "Enchanted Elites"
		},
		"Expert Treachery": {
			"name": "Expert Treachery"
		},
		"Farmers": {
			"name": "Farmers"
		},
		"Fearful Intimidation": {
			"name": "Fearful Intimidation"
		},
		"Fortification Program": {
			"name": "Fortification Program"
		},
		"Free Company": {
			"name": "Free Company"
		},
		"Front Merchant": {
			"name": "Front Merchant"
		},
		"Golden Prosperity": {
			"name": "Golden Prosperity"
		},
		"Guerrilla Populace": {
			"name": "Guerrilla Populace"
		},
		"Healers": {
			"name": "Healers"
		},
		"Hired Friends": {
			"name": "Hired Friends"
		},
		"Hired Legion": {
			"name": "Hired Legion"
		},
		"Idealistic Thugs": {
			"name": "Idealistic Thugs"
		},
		"Infantry": {
			"name": "Infantry"
		},
		"Informers": {
			"name": "Informers"
		},
		"Interrupted Logistics": {
			"name": "Interrupted Logistics"
		},
		"Invincible Legion": {
			"name": "Invincible Legion"
		},
		"Just As Planned": {
			"name": "Just As Planned"
		},
		"Knights": {
			"name": "Knights"
		},
		"Lead or Silver": {
			"name": "Lead or Silver"
		},
		"Local Guard": {
			"name": "Local Guard"
		},
		"Mad Genius": {
			"name": "Mad Genius"
		},
		"Magical Logistics": {
			"name": "Magical Logistics"
		},
		"Manufactory": {
			"name": "Manufactory"
		},
		"Merchant Prince": {
			"name": "Merchant Prince"
		},
		"Military Roads": {
			"name": "Military Roads"
		},
		"Military Transport": {
			"name": "Military Transport"
		},
		"Mindbenders": {
			"name": "Mindbenders"
		},
		"Monopoly": {
			"name": "Monopoly"
		},
		"Occult Countermeasures": {
			"name": "Occult Countermeasures"
		},
		"Occult Infiltrators": {
			"name": "Occult Infiltrators"
		},
		"Omniscient Seers": {
			"name": "Omniscient Seers"
		},
		"Organization Moles": {
			"name": "Organization Moles"
		},
		"Petty Seers": {
			"name": "Petty Seers"
		},
		"Pleaders": {
			"name": "Pleaders"
		},
		"Popular Movement": {
			"name": "Popular Movement"
		},
		"Prophet": {
			"name": "Prophet"
		},
		"Purity Rites": {
			"name": "Purity Rites"
		},
		"Reserve Corps": {
			"name": "Reserve Corps"
		},
		"Saboteurs": {
			"name": "Saboteurs"
		},
		"Scouts": {
			"name": "Scouts"
		},
		"Seditionists": {
			"name": "Seditionists"
		},
		"Shapeshifters": {
			"name": "Shapeshifters"
		},
		"Siege Experts": {
			"name": "Siege Experts"
		},
		"Smugglers": {
			"name": "Smugglers"
		},
		"Smuggling Fleet": {
			"name": "Smuggling Fleet"
		},
		"Spymaster": {
			"name": "Spymaster"
		},
		"Summoned Hunter": {
			"name": "Summoned Hunter"
		},
		"Supply Interruption": {
			"name": "Supply Interruption"
		},
		"Temple Fanatics": {
			"name": "Temple Fanatics"
		},
		"Thugs": {
			"name": "Thugs"
		},
		"Trade Company": {
			"name": "Trade Company"
		},
		"Transport Network": {
			"name": "Transport Network"
		},
		"Underground Roads": {
			"name": "Underground Roads"
		},
		"Useful Idiots": {
			"name": "Useful Idiots"
		},
		"Usurers": {
			"name": "Usurers"
		},
		"Vanguard Unit": {
			"name": "Vanguard Unit"
		},
		"Vigilant Agents": {
			"name": "Vigilant Agents"
		},
		"War Fleet": {
			"name": "War Fleet"
		},
		"War Machines": {
			"name": "War Machines"
		},
		"Warshaped": {
			"name": "Warshaped"
		},
		"Witch Hunters": {
			"name": "Witch Hunters"
		},
		"Worker Mob": {
			"name": "Worker Mob"
		}
	}
}