{
	"label": "Magic Item Tables",
	"entries": {
		"Elixir Form": {
			"name": "Elixir Form",
			"description": ""
		},
		"Elixir Quirk": {
			"name": "Elixir Quirk",
			"description": ""
		},
		"Enchanted Elixirs": {
			"name": "Enchanted Elixirs",
			"description": ""
		},
		"Magical Armor +1": {
			"name": "Magical Armor +1",
			"description": ""
		},
		"Magical Armor +2": {
			"name": "Magical Armor +2",
			"description": ""
		},
		"Magical Armor +3": {
			"name": "Magical Armor +3",
			"description": ""
		},
		"Magical Armor and Shield Abilities": {
			"name": "Magical Armor and Shield Abilities",
			"description": ""
		},
		"Magical Armor Bonus, Great": {
			"name": "Magical Armor Bonus, Great",
			"description": ""
		},
		"Magical Armor Bonus, Major": {
			"name": "Magical Armor Bonus, Major",
			"description": ""
		},
		"Magical Armor Bonus, Minor": {
			"name": "Magical Armor Bonus, Minor",
			"description": ""
		},
		"Magical Armor SA, Great": {
			"name": "Magical Armor SA, Great",
			"description": ""
		},
		"Magical Armor SA, Major": {
			"name": "Magical Armor SA, Major",
			"description": ""
		},
		"Magical Armor SA, Minor": {
			"name": "Magical Armor SA, Minor",
			"description": ""
		},
		"Magical Shield SA, Great": {
			"name": "Magical Shield SA, Great",
			"description": ""
		},
		"Magical Shield SA, Major": {
			"name": "Magical Shield SA, Major",
			"description": ""
		},
		"Magical Shield SA, Minor": {
			"name": "Magical Shield SA, Minor",
			"description": ""
		},
		"Magical Weapon +1": {
			"name": "Magical Weapon +1",
			"description": ""
		},
		"Magical Weapon +2": {
			"name": "Magical Weapon +2",
			"description": ""
		},
		"Magical Weapon +3": {
			"name": "Magical Weapon +3",
			"description": ""
		},
		"Magical Weapon Abilities": {
			"name": "Magical Weapon Abilities",
			"description": ""
		},
		"Magical Weapon Bonus, Great": {
			"name": "Magical Weapon Bonus, Great",
			"description": ""
		},
		"Magical Weapon Bonus, Major": {
			"name": "Magical Weapon Bonus, Major",
			"description": ""
		},
		"Magical Weapon Bonus, Minor": {
			"name": "Magical Weapon Bonus, Minor",
			"description": ""
		},
		"Magical Weapon Origin": {
			"name": "Magical Weapon Origin",
			"description": ""
		},
		"Magical Weapon SA, Great": {
			"name": "Magical Weapon SA, Great",
			"description": ""
		},
		"Magical Weapon SA, Major": {
			"name": "Magical Weapon SA, Major",
			"description": ""
		},
		"Magical Weapon SA, Minor": {
			"name": "Magical Weapon SA, Minor",
			"description": ""
		}
	}
}