{
	"label": "Instinct",
	"entries": {
		"Automatons": {
			"name": "Automatons",
			"description": ""
		},
		"Beings of Arrogant Might": {
			"name": "Beings of Arrogant Might",
			"description": ""
		},
		"Combat-Trained Humanoids": {
			"name": "Combat-Trained Humanoids",
			"description": ""
		},
		"Hateful and Sadistic Sentients": {
			"name": "Hateful and Sadistic Sentients",
			"description": ""
		},
		"Insects and Semi-Mindless Beasts": {
			"name": "Insects and Semi-Mindless Beasts",
			"description": ""
		},
		"Non-Combatant Humanoids": {
			"name": "Non-Combatant Humanoids",
			"description": ""
		},
		"Ordinary Predatory Beasts": {
			"name": "Ordinary Predatory Beasts",
			"description": ""
		},
		"Sorcerers or Other Spellcasters": {
			"name": "Sorcerers or Other Spellcasters",
			"description": ""
		},
		"Trained Servitor Beasts": {
			"name": "Trained Servitor Beasts",
			"description": ""
		},
		"Undead Creatures": {
			"name": "Undead Creatures",
			"description": ""
		},
		"Viciously Violent Beasts": {
			"name": "Viciously Violent Beasts",
			"description": ""
		}
	}
}